time_stamp,sensor_index,pm2.5_cf_1_a,pm2.5_cf_1_b
1718344800,184723,7.416,8.875
1718391600,184723,15.023,18.684
1718398800,184723,9.866,12.991
1718402400,184723,8.239,11.073
1718348400,184723,7.769,9.396
1718330400,184723,7.821,9.306
1718395200,184723,13.835,17.224
1718355600,184723,11.608,13.506
1718366400,184723,11.735,13.782
1718200800,184723,5.913,7.091
1718215200,184723,3.768,4.588
1718186400,184723,9.044,10.326
1718193600,184723,7.263,8.554
1718179200,184723,9.736,11.315
1718575200,184723,14.176,16.502
1718503200,184723,3.434,4.381
1718550000,184723,3.858,5.641
1718607600,184723,23.083,26.008
1717912800,184723,4.598,5.789
1718146800,184723,4.221,5.213
1718067600,184723,3.966,4.934
1718096400,184723,6.999,7.953
1718431200,184723,4.537,5.636
1718427600,184723,3.803,4.921
1718456400,184723,1.262,1.764
1718467200,184723,0.476,0.756
1717758000,184723,0.853,1.306
1717747200,184723,0.625,0.906
1717772400,184723,0.144,0.399
1717794000,184723,0.899,1.376
1718290800,184723,4.563,6.32
1718316000,184723,4.129,5.261
1718244000,184723,6.655,7.889
1718294400,184723,5.084,6.328
1718046000,184723,1.956,2.493
1718017200,184723,2.239,3.137
1718053200,184723,1.752,2.466
1718024400,184723,2.445,3.325
1717639200,184723,12.107,13.971
1717642800,184723,12.221,13.953
1717693200,184723,1.411,1.916
1717804800,184723,4.338,5.152
1717840800,184723,10.428,12.709
1717812000,184723,5.628,6.835
1717848000,184723,11.466,13.523
1718359200,184723,12.152,14.188
1718222400,184723,3.476,4.434
1718589600,184723,18.697,21.28
1717909200,184723,4.523,5.606
1717959600,184723,0.54,0.993
1717891200,184723,3.356,4.266
1717956000,184723,0.867,1.321
1718064000,184723,14.504,17.447
1718103600,184723,9.409,10.846
1718460000,184723,0.723,1.034
1718434800,184723,4.892,5.997
1718413200,184723,10.244,11.945
1717797600,184723,0.773,1.196
1717750800,184723,0.644,1.018
1717740000,184723,0.903,1.238
1717743600,184723,0.529,0.902
1717736400,184723,0.867,1.211
1718287200,184723,5.037,6.895
1718251200,184723,7.9,9.136
1718020800,184723,2.234,3.005
1718002800,184723,3.704,4.883
1718028000,184723,2.443,3.413
1718006400,184723,3.829,5.061
1718010000,184723,4.042,5.205
1718060400,184723,2.153,2.891
1718049600,184723,1.46,2.0
1717696800,184723,0.944,1.377
1717653600,184723,14.311,15.899
1717668000,184723,13.503,15.095
1717714800,184723,0.443,0.859
1717880400,184723,2.596,3.462
1717873200,184723,2.443,3.4
1718362800,184723,12.417,14.727
1718323200,184723,6.929,8.489
1718384400,184723,13.567,16.389
1718377200,184723,11.53,13.683
1718352000,184723,10.594,12.034
1718373600,184723,12.132,14.311
1718218800,184723,3.486,4.541
1718211600,184723,3.744,4.659
1718553600,184723,6.541,8.721
1718571600,184723,15.072,17.304
1718521200,184723,5.626,6.915
1718600400,184723,22.781,25.718
1718596800,184723,22.431,25.6
1717934400,184723,2.147,3.421
1717927200,184723,5.644,7.005
1717970400,184723,8.86,10.236
1717923600,184723,6.626,8.247
1717952400,184723,0.769,1.304
1717941600,184723,0.758,1.107
1718089200,184723,5.956,6.949
1718078400,184723,5.911,7.078
1718074800,184723,4.5,5.563
1718114400,184723,9.359,10.689
1718143200,184723,4.896,5.886
1718492400,184723,0.739,1.207
1717761600,184723,0.549,0.939
1718308800,184723,2.645,4.502
1718298000,184723,4.511,5.78
1718013600,184723,3.085,4.166
1718042400,184723,1.073,1.534
1717689600,184723,3.297,4.305
1717711200,184723,1.038,1.578
1717887600,184723,2.164,3.005
1717826400,184723,5.091,6.235
1717862400,184723,2.595,3.29
1717815600,184723,6.143,7.282
1717855200,184723,4.024,5.241
1718406000,184723,7.99,9.948
1718388000,184723,13.617,16.922
1718326800,184723,6.993,8.445
1718150400,184723,7.638,9.046
1718197200,184723,5.801,7.139
1718190000,184723,9.191,10.716
1718182800,184723,8.846,10.529
1718164800,184723,15.418,17.97
1718546400,184723,3.996,5.53
1718539200,184723,5.081,6.088
1718524800,184723,5.554,6.736
1718560800,184723,14.611,17.03
1718532000,184723,6.213,7.396
1718568000,184723,14.395,16.922
1718496000,184723,1.228,1.847
1718514000,184723,6.608,7.762
1718578800,184723,14.083,16.322
1718564400,184723,14.019,16.37
1718593200,184723,20.645,23.66
1718582400,184723,16.045,19.006
1717966800,184723,1.772,2.534
1717905600,184723,4.098,5.063
1717898400,184723,3.713,4.599
1717974000,184723,1.615,2.25
1717916400,184723,5.056,6.298
1718125200,184723,7.101,7.966
1718118000,184723,8.372,9.749
1718082000,184723,5.097,6.258
1718110800,184723,8.014,8.879
1718092800,184723,6.089,7.14
1718128800,184723,7.412,8.528
1718452800,184723,2.21,2.918
1718445600,184723,3.483,4.313
1718424000,184723,3.863,4.875
1718463600,184723,0.776,1.189
1718442000,184723,3.985,5.129
1717790400,184723,0.788,1.436
1717768800,184723,0.019,0.037
1717801200,184723,0.964,1.361
1717779600,184723,0.522,0.978
1717722000,184723,0.485,0.913
1718269200,184723,9.234,10.518
1718254800,184723,7.109,8.118
1718247600,184723,8.084,9.308
1718280000,184723,8.389,9.726
1718319600,184723,4.429,5.606
1718283600,184723,6.425,7.666
1717977600,184723,3.257,3.953
1717999200,184723,3.554,4.735
1717664400,184723,13.204,14.778
1717650000,184723,13.252,14.636
1717660800,184723,11.977,13.462
1717704000,184723,0.721,1.13
1717657200,184723,11.325,12.937
1717678800,184723,3.895,4.774
1717844400,184723,10.777,12.907
1717830000,184723,5.861,7.101
1717876800,184723,2.523,3.213
1717869600,184723,2.614,3.304
1717866000,184723,2.273,2.982
1717884000,184723,1.984,2.787
1718334000,184723,10.799,12.528
1718161200,184723,14.773,17.72
1718499600,184723,1.915,2.584
1718535600,184723,5.662,6.832
1718614800,184723,28.267,31.549
1718618400,184723,28.303,31.108
1717938000,184723,1.738,2.403
1717920000,184723,5.851,7.16
1718139600,184723,5.494,6.486
1718071200,184723,3.687,4.5
1718438400,184723,4.374,5.442
1718485200,184723,0.975,1.601
1718409600,184723,4.631,5.909
1718474400,184723,0.447,0.814
1718416800,184723,9.993,11.788
1718470800,184723,0.44,0.742
1717725600,184723,0.736,1.055
1717718400,184723,0.617,0.963
1717786800,184723,0.844,1.28
1718312400,184723,3.008,4.896
1718276400,184723,9.675,11.063
1717995600,184723,3.9,5.047
1717984800,184723,7.965,9.403
1718038800,184723,1.302,1.798
1717700400,184723,0.879,1.259
1717646400,184723,12.662,14.21
1717682400,184723,1.885,3.063
1717707600,184723,0.607,0.938
1717822800,184723,4.516,5.633
1718337600,184723,7.981,9.451
1718175600,184723,9.424,10.892
1718229600,184723,3.292,4.234
1718157600,184723,7.642,8.928
1718168400,184723,13.886,16.341
1718204400,184723,4.536,5.522
1718510400,184723,5.731,6.829
1718557200,184723,10.181,12.773
1718611200,184723,26.588,29.636
1718586000,184723,17.899,20.285
1717948800,184723,0.749,1.19
1717945200,184723,0.804,1.22
1717930800,184723,4.859,5.943
1717902000,184723,3.909,4.816
1717894800,184723,4.843,5.884
1718107200,184723,7.864,8.93
1718100000,184723,7.856,8.951
1718121600,184723,6.579,7.641
1718132400,184723,7.056,8.041
1718136000,184723,5.372,6.485
1718481600,184723,0.968,1.488
1718478000,184723,0.671,1.004
1718420400,184723,5.478,6.462
1717754400,184723,0.646,1.053
1717765200,184723,0.025,0.045
1717776000,184723,1.393,1.95
1717732800,184723,0.66,0.998
1718301600,184723,3.429,4.993
1718272800,184723,9.473,11.297
1718305200,184723,3.048,4.925
1718240400,184723,5.204,6.324
1718236800,184723,3.651,4.563
1718035200,184723,1.115,1.736
1717992000,184723,4.638,5.695
1717988400,184723,4.908,6.097
1717981200,184723,4.417,5.343
1717686000,184723,1.857,2.599
1717833600,184723,7.773,9.329
1717851600,184723,8.925,10.837
1717808400,184723,5.064,5.985
1717819200,184723,4.796,5.803
1718380800,184723,13.416,16.1
1718341200,184723,8.889,10.772
1718370000,184723,14.175,16.237
1718154000,184723,6.612,7.883
1718172000,184723,10.701,12.273
1718208000,184723,4.043,5.115
1718226000,184723,3.213,4.229
1718233200,184723,3.135,4.149
1718506800,184723,5.799,6.821
1718542800,184723,4.764,6.043
1718517600,184723,6.434,7.554
1718528400,184723,6.191,7.412
1718604000,184723,22.16,24.758
1717963200,184723,1.139,1.735
1718085600,184723,5.76,6.9
1718488800,184723,0.875,1.393
1718449200,184723,2.813,3.491
1717783200,184723,0.47,0.853
1717729200,184723,0.882,1.462
1718265600,184723,8.244,9.713
1718262000,184723,7.902,9.262
1718258400,184723,7.627,9.236
1718056800,184723,1.56,2.036
1718031600,184723,2.071,2.984
1717671600,184723,11.567,13.21
1717675200,184723,6.982,8.269
1717837200,184723,10.535,12.406
1717858800,184723,2.019,2.784
